temp_c,humidity_pct,wind_kph,ffmc,dmc,drought_code,isi,target,source
8.2,51.0,6.7,86.2,26.2,94.3,5.1,0.0,uci_forestfires
18.0,33.0,0.9,90.6,35.4,669.1,6.7,0.0,uci_forestfires
14.6,33.0,1.3,90.6,43.7,686.9,6.7,0.0,uci_forestfires
8.3,97.0,4.0,91.7,33.3,77.5,9.0,0.0,uci_forestfires
11.4,99.0,1.8,89.3,51.3,102.2,9.6,0.0,uci_forestfires
22.2,29.0,5.4,92.3,85.3,488.0,14.7,0.0,uci_forestfires
24.1,27.0,3.1,92.3,88.9,495.6,8.5,0.0,uci_forestfires
8.0,86.0,2.2,91.5,145.4,608.2,10.7,0.0,uci_forestfires
13.1,63.0,5.4,91.0,129.5,692.6,7.0,0.0,uci_forestfires
22.8,40.0,4.0,92.5,88.0,698.6,7.1,0.0,uci_forestfires
17.8,51.0,7.2,92.5,88.0,698.6,7.1,0.0,uci_forestfires
19.3,38.0,4.0,92.8,73.2,713.0,22.6,0.0,uci_forestfires
17.0,72.0,6.7,63.5,70.8,665.3,0.8,0.0,uci_forestfires
21.3,42.0,2.2,90.9,126.5,686.5,7.0,0.0,uci_forestfires
26.4,21.0,4.5,92.9,133.3,699.6,9.2,0.0,uci_forestfires
22.9,44.0,5.4,93.3,141.2,713.9,13.9,0.0,uci_forestfires
15.1,27.0,5.4,91.7,35.8,80.8,7.8,0.0,uci_forestfires
16.7,47.0,4.9,84.9,32.8,664.2,3.0,0.0,uci_forestfires
15.9,35.0,4.0,89.2,27.9,70.8,6.3,0.0,uci_forestfires
9.3,44.0,4.5,86.3,27.4,97.1,5.1,0.0,uci_forestfires
18.3,40.0,2.7,91.0,129.5,692.6,7.0,0.0,uci_forestfires
19.1,38.0,2.7,91.8,78.5,724.3,9.2,0.0,uci_forestfires
21.0,44.0,4.5,94.3,96.3,200.0,56.1,0.0,uci_forestfires
19.5,43.0,5.8,90.2,110.9,537.4,6.2,0.0,uci_forestfires
23.7,32.0,5.8,93.5,139.4,594.2,20.3,0.0,uci_forestfires
16.3,60.0,5.4,91.4,142.4,601.4,10.6,0.0,uci_forestfires
19.0,34.0,5.8,92.4,117.9,668.0,12.2,0.0,uci_forestfires
19.4,48.0,1.3,90.9,126.5,686.5,7.0,0.0,uci_forestfires
30.2,24.0,2.7,93.4,145.4,721.4,8.1,0.0,uci_forestfires
22.8,39.0,3.6,93.5,149.3,728.6,8.1,0.0,uci_forestfires
25.4,24.0,3.6,94.3,85.1,692.3,15.9,0.0,uci_forestfires
11.2,78.0,7.6,88.6,91.8,709.9,7.1,0.0,uci_forestfires
20.6,37.0,1.8,88.6,69.7,706.8,5.8,0.0,uci_forestfires
17.7,39.0,3.6,91.7,75.6,718.3,7.8,0.0,uci_forestfires
21.2,32.0,2.7,91.8,78.5,724.3,9.2,0.0,uci_forestfires
18.2,62.0,4.5,90.3,80.7,730.2,6.3,0.0,uci_forestfires
21.7,24.0,4.5,90.6,35.4,669.1,6.7,0.0,uci_forestfires
11.3,60.0,5.4,90.0,41.5,682.6,8.7,0.0,uci_forestfires
17.8,27.0,4.0,90.6,43.7,686.9,6.7,0.0,uci_forestfires
14.1,43.0,2.7,88.1,25.7,67.6,3.8,0.0,uci_forestfires
23.3,37.0,3.1,79.5,60.6,366.7,1.5,0.0,uci_forestfires
18.4,42.0,6.7,90.2,96.9,624.2,8.9,0.0,uci_forestfires
16.6,54.0,5.4,94.8,108.3,647.1,17.0,0.0,uci_forestfires
19.6,48.0,2.7,92.5,88.0,698.6,7.1,0.0,uci_forestfires
12.9,74.0,4.9,90.1,82.9,735.7,6.2,0.0,uci_forestfires
25.9,24.0,4.0,94.3,85.1,692.3,15.9,0.0,uci_forestfires
14.7,70.0,3.6,90.9,126.5,686.5,7.0,0.0,uci_forestfires
23.0,36.0,3.1,94.2,62.3,442.9,11.0,0.0,uci_forestfires
11.8,35.0,1.8,87.2,23.9,64.7,4.1,0.0,uci_forestfires
11.0,46.0,5.8,87.6,52.2,103.8,5.0,0.0,uci_forestfires
20.8,17.0,1.3,92.9,137.0,706.4,9.2,0.0,uci_forestfires
21.5,34.0,2.2,90.2,99.6,631.2,6.3,0.0,uci_forestfires
20.4,42.0,4.9,92.1,111.2,654.1,9.6,0.0,uci_forestfires
20.4,42.0,4.9,92.1,111.2,654.1,9.6,0.0,uci_forestfires
17.6,45.0,3.6,91.7,114.3,661.3,6.3,0.0,uci_forestfires
27.7,24.0,2.2,92.9,137.0,706.4,9.2,0.0,uci_forestfires
17.8,63.0,4.9,90.3,80.7,730.2,6.3,0.0,uci_forestfires
13.8,50.0,2.7,92.6,46.5,691.8,8.8,0.0,uci_forestfires
13.9,40.0,5.4,84.0,9.3,34.0,2.1,0.0,uci_forestfires
12.3,51.0,0.9,86.6,13.2,43.0,5.3,0.0,uci_forestfires
11.5,39.0,5.8,89.3,51.3,102.2,9.6,0.0,uci_forestfires
5.5,59.0,6.3,89.3,51.3,102.2,9.6,0.0,uci_forestfires
18.8,35.0,4.9,93.0,75.3,466.6,7.7,0.0,uci_forestfires
20.8,33.0,2.7,90.2,99.6,631.2,6.3,0.0,uci_forestfires
23.1,31.0,3.1,91.1,103.2,638.8,5.8,0.0,uci_forestfires
18.6,44.0,4.5,91.7,114.3,661.3,6.3,0.0,uci_forestfires
23.0,37.0,4.5,92.4,117.9,668.0,12.2,0.0,uci_forestfires
19.6,33.0,5.4,92.4,117.9,668.0,12.2,0.0,uci_forestfires
19.6,33.0,6.3,92.4,117.9,668.0,12.2,0.0,uci_forestfires
17.2,26.0,4.5,91.7,33.3,77.5,9.0,0.0,uci_forestfires
15.8,27.0,7.6,91.2,48.3,97.8,12.5,0.0,uci_forestfires
17.7,37.0,3.6,94.3,85.1,692.3,15.9,0.0,uci_forestfires
15.6,25.0,6.3,91.7,33.3,77.5,9.0,0.0,uci_forestfires
17.3,43.0,4.5,88.8,147.3,614.5,9.0,0.0,uci_forestfires
27.6,30.0,1.3,93.3,141.2,713.9,13.9,0.0,uci_forestfires
6.7,79.0,3.1,84.2,6.8,26.6,7.7,0.0,uci_forestfires
15.7,43.0,3.1,86.6,13.2,43.0,5.3,0.0,uci_forestfires
8.3,72.0,3.1,87.6,52.2,103.8,5.0,0.0,uci_forestfires
14.7,66.0,2.7,90.1,108.0,529.8,12.5,0.0,uci_forestfires
21.6,19.0,6.7,91.0,121.2,561.6,7.0,0.0,uci_forestfires
19.5,39.0,6.3,91.4,142.4,601.4,10.6,0.0,uci_forestfires
17.9,44.0,2.2,90.2,99.6,631.2,6.3,0.0,uci_forestfires
18.6,51.0,4.5,94.8,108.3,647.1,17.0,0.0,uci_forestfires
16.6,47.0,0.9,92.1,111.2,654.1,9.6,0.0,uci_forestfires
20.2,45.0,3.6,91.7,114.3,661.3,6.3,0.0,uci_forestfires
21.5,15.0,0.9,92.9,137.0,706.4,9.2,0.0,uci_forestfires
25.4,27.0,2.2,92.9,137.0,706.4,9.2,0.0,uci_forestfires
22.4,34.0,2.2,92.9,137.0,706.4,9.2,0.0,uci_forestfires
25.3,36.0,3.6,93.5,149.3,728.6,8.1,0.0,uci_forestfires
17.4,25.0,4.9,91.7,35.8,80.8,7.8,0.0,uci_forestfires
14.7,59.0,5.8,90.2,96.9,624.2,8.9,0.0,uci_forestfires
17.4,24.0,5.4,91.7,35.8,80.8,7.8,0.0,uci_forestfires
20.8,32.0,6.3,92.3,85.3,488.0,14.7,0.0,uci_forestfires
18.2,43.0,4.9,91.4,142.4,601.4,10.6,0.0,uci_forestfires
23.4,22.0,2.7,91.1,103.2,638.8,5.8,0.0,uci_forestfires
17.8,64.0,1.3,89.7,90.0,704.4,4.8,0.0,uci_forestfires
12.7,48.0,1.8,83.9,8.0,30.2,2.6,0.0,uci_forestfires
17.4,24.0,5.4,69.0,2.4,15.5,0.7,0.0,uci_forestfires
11.6,87.0,4.5,91.4,142.4,601.4,10.6,0.0,uci_forestfires
19.8,39.0,5.4,91.4,142.4,601.4,10.6,0.0,uci_forestfires
19.8,39.0,5.4,91.4,142.4,601.4,10.6,0.0,uci_forestfires
14.4,66.0,5.4,88.8,147.3,614.5,9.0,0.0,uci_forestfires
20.1,40.0,4.0,94.8,108.3,647.1,17.0,0.0,uci_forestfires
24.1,29.0,4.5,92.5,121.1,674.4,8.6,0.0,uci_forestfires
5.3,78.0,3.1,82.1,3.7,9.3,2.9,0.0,uci_forestfires
12.7,52.0,6.3,85.9,19.5,57.3,2.8,0.0,uci_forestfires
18.2,29.0,3.1,91.4,30.7,74.3,7.5,0.0,uci_forestfires
21.4,33.0,3.1,90.2,99.6,631.2,6.3,0.0,uci_forestfires
20.3,45.0,3.1,92.5,88.0,698.6,7.1,0.0,uci_forestfires
17.4,56.0,5.4,88.6,91.8,709.9,7.1,0.0,uci_forestfires
13.7,43.0,5.8,85.9,19.5,57.3,2.8,0.0,uci_forestfires
18.8,18.0,4.5,91.7,33.3,77.5,9.0,0.0,uci_forestfires
22.8,39.0,3.6,89.7,90.0,704.4,4.8,0.0,uci_forestfires
18.9,35.0,2.7,91.8,78.5,724.3,9.2,0.0,uci_forestfires
15.8,27.0,7.6,88.1,25.7,67.6,3.8,0.0,uci_forestfires
15.5,27.0,6.3,88.1,25.7,67.6,3.8,0.0,uci_forestfires
11.6,30.0,6.3,91.7,35.8,80.8,7.8,0.0,uci_forestfires
15.2,27.0,4.9,91.7,35.8,80.8,7.8,0.0,uci_forestfires
10.6,30.0,4.0,90.1,39.7,86.6,6.2,0.0,uci_forestfires
19.6,36.0,3.1,93.0,75.3,466.6,7.7,0.0,uci_forestfires
10.3,74.0,2.2,91.5,145.4,608.2,10.7,0.0,uci_forestfires
17.1,43.0,5.4,91.5,145.4,608.2,10.7,0.0,uci_forestfires
22.5,42.0,5.4,92.4,124.1,680.7,8.5,0.0,uci_forestfires
17.9,45.0,3.1,84.4,73.4,671.9,3.2,0.0,uci_forestfires
19.8,50.0,5.4,94.3,85.1,692.3,15.9,0.0,uci_forestfires
20.6,24.0,5.4,92.6,46.5,691.8,8.8,0.0,uci_forestfires
9.0,49.0,2.2,87.6,52.2,103.8,5.0,0.0,uci_forestfires
17.2,43.0,3.1,93.5,149.3,728.6,8.1,0.0,uci_forestfires
15.9,46.0,3.6,91.4,37.9,673.8,5.2,0.0,uci_forestfires
15.4,35.0,0.9,92.6,46.5,691.8,8.8,0.0,uci_forestfires
15.4,40.0,2.7,68.2,21.5,87.2,0.8,0.0,uci_forestfires
14.0,39.0,3.1,87.2,23.9,64.7,4.1,0.0,uci_forestfires
10.6,46.0,4.9,89.3,51.3,102.2,9.6,0.0,uci_forestfires
17.6,42.0,3.1,93.7,80.9,685.2,17.9,0.0,uci_forestfires
14.9,38.0,2.7,88.1,25.7,67.6,3.8,0.0,uci_forestfires
17.6,52.0,5.8,93.5,139.4,594.2,20.3,0.0,uci_forestfires
17.2,58.0,1.3,92.4,124.1,680.7,8.5,0.0,uci_forestfires
15.6,66.0,3.1,90.9,126.5,686.5,7.0,0.0,uci_forestfires
18.0,42.0,2.7,85.8,48.3,313.4,3.9,1.0,uci_forestfires
21.7,38.0,2.2,91.0,129.5,692.6,7.0,1.0,uci_forestfires
21.9,39.0,1.8,90.9,126.5,686.5,7.0,1.0,uci_forestfires
23.3,31.0,4.5,95.5,99.9,513.3,13.2,1.0,uci_forestfires
21.2,51.0,8.9,90.1,108.0,529.8,12.5,1.0,uci_forestfires
16.6,53.0,5.4,90.0,51.3,296.3,8.7,1.0,uci_forestfires
23.8,32.0,5.4,95.5,99.9,513.3,13.2,1.0,uci_forestfires
27.4,22.0,4.0,95.2,131.7,578.8,10.4,1.0,uci_forestfires
13.2,40.0,5.4,90.1,39.7,86.6,6.2,1.0,uci_forestfires
24.2,28.0,3.6,84.4,73.4,671.9,3.2,1.0,uci_forestfires
17.4,43.0,6.7,94.8,108.3,647.1,17.0,1.0,uci_forestfires
23.7,25.0,4.5,93.7,80.9,685.2,17.9,1.0,uci_forestfires
23.2,39.0,5.4,92.5,56.4,433.3,7.1,1.0,uci_forestfires
24.8,29.0,2.2,90.1,68.6,355.2,7.2,1.0,uci_forestfires
24.6,43.0,1.8,90.1,51.2,424.1,6.2,1.0,uci_forestfires
20.1,47.0,4.9,94.3,85.1,692.3,15.9,1.0,uci_forestfires
29.6,27.0,2.7,93.4,145.4,721.4,8.1,1.0,uci_forestfires
16.4,47.0,1.3,94.8,108.3,647.1,17.0,1.0,uci_forestfires
28.6,27.0,2.2,93.4,145.4,721.4,8.1,1.0,uci_forestfires
18.4,45.0,3.6,92.1,111.2,654.1,9.6,1.0,uci_forestfires
20.5,35.0,4.0,92.1,111.2,654.1,9.6,1.0,uci_forestfires
19.0,34.0,5.8,92.4,117.9,668.0,12.2,1.0,uci_forestfires
16.1,29.0,3.1,90.1,39.7,86.6,6.2,1.0,uci_forestfires
20.3,41.0,4.0,95.2,131.7,578.8,10.4,1.0,uci_forestfires
15.2,31.0,8.5,90.6,50.1,100.4,7.8,1.0,uci_forestfires
17.8,56.0,1.8,92.5,121.1,674.4,8.6,1.0,uci_forestfires
17.8,67.0,2.2,89.7,90.0,704.4,4.8,1.0,uci_forestfires
5.3,70.0,4.5,84.9,18.2,55.0,3.0,1.0,uci_forestfires
16.6,47.0,0.9,92.1,111.2,654.1,9.6,1.0,uci_forestfires
23.4,33.0,4.5,96.0,127.1,570.5,16.5,1.0,uci_forestfires
14.6,26.0,9.4,91.2,48.3,97.8,12.5,1.0,uci_forestfires
20.7,45.0,2.2,95.2,131.7,578.8,10.4,1.0,uci_forestfires
21.9,35.0,1.8,92.9,133.3,699.6,9.2,1.0,uci_forestfires
17.4,50.0,4.0,85.6,90.4,609.6,6.6,1.0,uci_forestfires
20.1,39.0,5.4,91.4,142.4,601.4,10.6,1.0,uci_forestfires
17.7,39.0,2.2,90.9,126.5,686.5,7.0,1.0,uci_forestfires
14.2,53.0,1.8,90.2,96.9,624.2,8.9,1.0,uci_forestfires
20.3,39.0,4.9,90.2,96.9,624.2,8.9,1.0,uci_forestfires
5.8,54.0,5.8,81.5,9.1,55.2,2.7,1.0,uci_forestfires
19.2,44.0,2.7,90.2,99.6,631.2,6.3,1.0,uci_forestfires
18.3,45.0,2.2,90.1,82.9,735.7,6.2,1.0,uci_forestfires
14.4,66.0,5.4,88.8,147.3,614.5,9.0,1.0,uci_forestfires
23.9,32.0,6.7,92.4,124.1,680.7,8.5,1.0,uci_forestfires
19.1,32.0,4.0,84.9,32.8,664.2,3.0,1.0,uci_forestfires
12.4,53.0,2.2,86.8,15.6,48.3,3.9,1.0,uci_forestfires
16.8,45.0,4.5,91.7,48.5,696.1,11.1,1.0,uci_forestfires
20.8,34.0,4.9,93.9,135.7,586.7,15.1,1.0,uci_forestfires
17.6,46.0,3.1,91.0,129.5,692.6,7.0,1.0,uci_forestfires
11.5,39.0,5.8,89.3,51.3,102.2,9.6,1.0,uci_forestfires
21.0,42.0,2.2,90.9,126.5,686.5,7.0,1.0,uci_forestfires
13.3,42.0,0.9,90.8,41.9,89.4,7.9,1.0,uci_forestfires
11.5,60.0,4.0,90.7,44.0,92.4,5.5,1.0,uci_forestfires
11.7,33.0,4.0,91.2,48.3,97.8,12.5,1.0,uci_forestfires
24.2,28.0,2.7,95.2,131.7,578.8,10.4,1.0,uci_forestfires
24.6,22.0,4.5,94.8,108.3,647.1,17.0,1.0,uci_forestfires
24.3,25.0,4.0,92.9,133.3,699.6,9.2,1.0,uci_forestfires
24.6,22.0,4.5,94.8,108.3,647.1,17.0,1.0,uci_forestfires
23.5,36.0,5.4,93.9,135.7,586.7,15.1,1.0,uci_forestfires
5.8,54.0,5.8,81.5,9.1,55.2,2.7,1.0,uci_forestfires
21.5,15.0,0.9,92.9,137.0,706.4,9.2,1.0,uci_forestfires
13.9,59.0,6.3,91.0,129.5,692.6,7.0,1.0,uci_forestfires
22.6,38.0,3.6,63.5,70.8,665.3,0.8,1.0,uci_forestfires
21.6,33.0,2.2,91.0,129.5,692.6,7.0,1.0,uci_forestfires
12.4,54.0,3.6,90.1,37.6,83.7,7.2,1.0,uci_forestfires
8.8,68.0,2.2,83.9,8.7,32.1,2.1,1.0,uci_forestfires
20.2,37.0,2.7,91.4,37.9,673.8,5.2,1.0,uci_forestfires
15.1,64.0,4.0,90.6,50.1,100.4,7.8,1.0,uci_forestfires
22.1,34.0,1.8,92.9,137.0,706.4,9.2,1.0,uci_forestfires
22.9,31.0,7.2,93.5,139.4,594.2,20.3,1.0,uci_forestfires
20.7,37.0,2.2,91.0,129.5,692.6,7.0,1.0,uci_forestfires
19.6,33.0,6.3,92.4,117.9,668.0,12.2,1.0,uci_forestfires
23.2,26.0,4.9,93.7,80.9,685.2,17.9,1.0,uci_forestfires
18.4,25.0,3.1,90.6,43.7,686.9,6.7,1.0,uci_forestfires
5.1,96.0,5.8,93.5,139.4,594.2,20.3,1.0,uci_forestfires
20.1,47.0,4.9,94.3,85.1,692.3,15.9,1.0,uci_forestfires
11.0,46.0,5.8,87.6,52.2,103.8,5.0,1.0,uci_forestfires
17.0,27.0,4.9,91.7,35.8,80.8,7.8,1.0,uci_forestfires
17.0,27.0,4.9,91.7,35.8,80.8,7.8,1.0,uci_forestfires
16.9,60.0,1.3,92.4,124.1,680.7,8.5,1.0,uci_forestfires
12.4,73.0,6.3,88.6,91.8,709.9,7.1,1.0,uci_forestfires
19.4,19.0,1.3,92.9,133.3,699.6,9.2,1.0,uci_forestfires
15.2,27.0,3.1,90.1,39.7,86.6,6.2,1.0,uci_forestfires
16.2,59.0,3.1,90.2,99.6,631.2,6.3,1.0,uci_forestfires
18.6,49.0,3.6,93.3,141.2,713.9,13.9,1.0,uci_forestfires
11.0,46.0,5.8,87.6,52.2,103.8,5.0,1.0,uci_forestfires
13.4,79.0,3.6,88.3,150.3,309.9,6.8,1.0,uci_forestfires
15.4,57.0,4.5,90.1,82.9,735.7,6.2,1.0,uci_forestfires
22.9,39.0,4.9,93.5,149.3,728.6,8.1,1.0,uci_forestfires
16.1,44.0,4.0,91.7,48.5,696.1,11.1,1.0,uci_forestfires
20.1,34.0,4.5,92.2,81.8,480.8,11.9,1.0,uci_forestfires
28.3,26.0,3.1,93.5,149.3,728.6,8.1,1.0,uci_forestfires
16.4,43.0,4.0,92.2,81.8,480.8,11.9,1.0,uci_forestfires
26.4,21.0,4.5,92.9,133.3,699.6,9.2,1.0,uci_forestfires
27.8,27.0,3.1,93.5,149.3,728.6,8.1,1.0,uci_forestfires
18.7,43.0,2.7,91.0,129.5,692.6,7.0,1.0,uci_forestfires
24.3,36.0,3.1,84.4,73.4,671.9,3.2,1.0,uci_forestfires
17.7,25.0,3.1,92.5,121.1,674.4,8.6,1.0,uci_forestfires
19.6,41.0,5.8,91.4,142.4,601.4,10.6,1.0,uci_forestfires
18.2,46.0,1.8,92.5,121.1,674.4,8.6,1.0,uci_forestfires
18.8,40.0,2.2,91.0,129.5,692.6,7.0,1.0,uci_forestfires
25.1,27.0,4.0,92.5,121.1,674.4,8.6,1.0,uci_forestfires
13.4,75.0,1.8,81.9,3.0,7.9,3.5,0.0,uci_forestfires
15.2,51.0,2.7,88.0,17.2,43.5,3.8,0.0,uci_forestfires
16.7,20.0,3.1,83.0,23.3,85.3,2.3,0.0,uci_forestfires
15.4,66.0,4.0,94.2,122.3,589.9,12.9,1.0,uci_forestfires
21.9,73.0,7.6,91.8,175.1,700.7,13.8,0.0,uci_forestfires
22.4,54.0,7.6,91.8,175.1,700.7,13.8,1.0,uci_forestfires
26.8,38.0,6.3,91.8,175.1,700.7,13.8,1.0,uci_forestfires
25.7,39.0,5.4,91.8,175.1,700.7,13.8,1.0,uci_forestfires
20.7,70.0,2.2,92.2,91.6,503.6,9.6,1.0,uci_forestfires
28.7,28.0,2.7,93.1,157.3,666.7,13.5,0.0,uci_forestfires
21.7,40.0,0.4,93.1,157.3,666.7,13.5,1.0,uci_forestfires
26.8,25.0,3.1,93.1,157.3,666.7,13.5,1.0,uci_forestfires
24.0,36.0,3.1,93.1,157.3,666.7,13.5,1.0,uci_forestfires
22.1,37.0,3.6,93.1,157.3,666.7,13.5,1.0,uci_forestfires
21.4,38.0,2.7,91.9,109.2,565.5,8.0,1.0,uci_forestfires
18.9,41.0,3.1,91.6,138.1,621.7,6.3,1.0,uci_forestfires
22.3,46.0,4.0,87.5,77.0,694.8,5.0,0.0,uci_forestfires
23.9,41.0,2.2,94.2,117.2,581.1,11.0,1.0,uci_forestfires
21.4,44.0,2.7,94.2,117.2,581.1,11.0,1.0,uci_forestfires
20.6,59.0,0.9,91.8,170.9,692.3,13.7,0.0,uci_forestfires
23.7,40.0,1.8,91.8,170.9,692.3,13.7,1.0,uci_forestfires
28.3,32.0,4.0,93.6,97.9,542.0,14.4,1.0,uci_forestfires
11.2,84.0,7.6,91.6,112.4,573.0,8.9,1.0,uci_forestfires
21.4,42.0,3.1,91.6,112.4,573.0,8.9,1.0,uci_forestfires
19.3,39.0,3.6,91.1,141.1,629.1,7.1,1.0,uci_forestfires
21.8,53.0,3.1,94.3,167.6,684.4,13.0,1.0,uci_forestfires
22.1,54.0,7.6,93.7,102.2,550.3,14.6,1.0,uci_forestfires
19.4,55.0,4.0,94.3,131.7,607.1,22.7,1.0,uci_forestfires
23.7,24.0,3.1,92.1,152.6,658.2,14.3,0.0,uci_forestfires
21.0,32.0,3.1,92.1,152.6,658.2,14.3,0.0,uci_forestfires
19.1,53.0,2.7,92.1,152.6,658.2,14.3,1.0,uci_forestfires
21.8,56.0,3.1,92.1,152.6,658.2,14.3,1.0,uci_forestfires
20.1,58.0,4.5,92.1,152.6,658.2,14.3,1.0,uci_forestfires
20.2,47.0,4.0,92.1,152.6,658.2,14.3,1.0,uci_forestfires
4.8,57.0,8.5,84.4,27.2,353.5,6.8,1.0,uci_forestfires
5.1,61.0,8.0,84.0,27.8,354.6,5.3,1.0,uci_forestfires
5.1,61.0,4.9,84.6,26.4,352.0,2.0,1.0,uci_forestfires
4.6,21.0,8.5,85.4,25.4,349.7,2.6,1.0,uci_forestfires
4.6,21.0,8.5,85.4,25.4,349.7,2.6,1.0,uci_forestfires
4.6,21.0,8.5,85.4,25.4,349.7,2.6,1.0,uci_forestfires
4.6,21.0,8.5,85.4,25.4,349.7,2.6,1.0,uci_forestfires
2.2,59.0,4.9,84.7,26.7,352.6,4.1,1.0,uci_forestfires
5.1,24.0,8.5,85.4,25.4,349.7,2.6,1.0,uci_forestfires
4.2,51.0,4.0,84.9,27.5,353.5,3.4,0.0,uci_forestfires
8.8,35.0,3.1,86.9,6.6,18.7,3.2,1.0,uci_forestfires
7.5,46.0,8.0,85.2,4.9,15.8,6.3,1.0,uci_forestfires
23.4,40.0,6.3,93.9,169.7,411.8,12.3,0.0,uci_forestfires
12.6,90.0,7.6,91.2,183.1,437.7,12.5,0.0,uci_forestfires
22.1,49.0,2.7,91.6,104.2,474.9,9.0,0.0,uci_forestfires
24.2,32.0,1.8,91.6,104.2,474.9,9.0,0.0,uci_forestfires
24.3,30.0,1.8,91.6,104.2,474.9,9.0,0.0,uci_forestfires
18.7,53.0,1.8,91.6,104.2,474.9,9.0,0.0,uci_forestfires
25.3,39.0,0.9,91.6,104.2,474.9,9.0,1.0,uci_forestfires
22.9,40.0,1.3,91.6,100.2,466.3,6.3,1.0,uci_forestfires
26.9,28.0,5.4,93.1,180.4,430.8,11.0,1.0,uci_forestfires
17.1,67.0,3.6,92.3,88.8,440.9,8.5,1.0,uci_forestfires
22.2,48.0,1.3,93.1,180.4,430.8,11.0,0.0,uci_forestfires
14.3,46.0,1.8,90.4,89.5,290.8,6.4,1.0,uci_forestfires
15.4,45.0,2.2,90.4,89.5,290.8,6.4,0.0,uci_forestfires
19.6,43.0,4.9,91.2,147.8,377.2,12.7,0.0,uci_forestfires
10.6,90.0,2.7,53.4,71.0,233.8,0.4,0.0,uci_forestfires
20.7,25.0,4.9,90.4,93.3,298.1,7.5,0.0,uci_forestfires
19.1,39.0,5.4,90.4,93.3,298.1,7.5,1.0,uci_forestfires
19.2,38.0,4.5,91.1,94.1,232.1,7.1,0.0,uci_forestfires
19.2,38.0,4.5,91.1,94.1,232.1,7.1,0.0,uci_forestfires
11.3,94.0,4.9,85.1,28.0,113.8,3.5,0.0,uci_forestfires
19.0,52.0,2.2,89.6,84.1,714.3,5.7,0.0,uci_forestfires
17.1,53.0,5.4,89.6,84.1,714.3,5.7,1.0,uci_forestfires
23.8,35.0,3.6,89.6,84.1,714.3,5.7,1.0,uci_forestfires
16.0,45.0,1.8,92.4,105.8,758.1,9.9,0.0,uci_forestfires
24.9,27.0,2.2,92.4,105.8,758.1,9.9,0.0,uci_forestfires
25.3,27.0,2.7,92.4,105.8,758.1,9.9,0.0,uci_forestfires
24.8,28.0,1.8,92.4,105.8,758.1,9.9,1.0,uci_forestfires
12.2,78.0,6.3,50.4,46.2,706.6,0.4,0.0,uci_forestfires
24.3,27.0,4.9,92.6,115.4,777.1,8.8,0.0,uci_forestfires
19.7,41.0,1.8,92.6,115.4,777.1,8.8,1.0,uci_forestfires
18.5,30.0,2.7,91.2,134.7,817.5,7.2,0.0,uci_forestfires
18.6,24.0,5.8,92.4,96.2,739.4,8.6,0.0,uci_forestfires
19.2,24.0,4.9,92.4,96.2,739.4,8.6,1.0,uci_forestfires
21.6,27.0,2.2,92.8,119.0,783.5,7.5,0.0,uci_forestfires
21.6,28.0,6.3,92.8,119.0,783.5,7.5,1.0,uci_forestfires
18.9,34.0,7.2,92.8,119.0,783.5,7.5,1.0,uci_forestfires
16.8,28.0,4.0,92.8,119.0,783.5,7.5,1.0,uci_forestfires
16.8,28.0,4.0,92.8,119.0,783.5,7.5,1.0,uci_forestfires
12.9,39.0,2.7,90.7,136.9,822.8,6.8,1.0,uci_forestfires
13.7,56.0,1.8,88.1,53.3,726.9,5.4,1.0,uci_forestfires
24.2,27.0,3.1,92.2,102.3,751.5,8.4,0.0,uci_forestfires
24.1,27.0,3.1,92.2,102.3,751.5,8.4,0.0,uci_forestfires
21.2,32.0,2.2,92.2,102.3,751.5,8.4,0.0,uci_forestfires
19.7,35.0,1.8,92.2,102.3,751.5,8.4,0.0,uci_forestfires
23.5,27.0,4.0,92.2,102.3,751.5,8.4,1.0,uci_forestfires
24.2,27.0,3.1,92.2,102.3,751.5,8.4,1.0,uci_forestfires
21.5,28.0,4.5,91.2,124.4,795.3,8.5,1.0,uci_forestfires
17.1,41.0,2.2,91.2,124.4,795.3,8.5,1.0,uci_forestfires
18.1,54.0,3.1,92.1,87.7,721.1,9.5,1.0,uci_forestfires
18.0,51.0,5.4,91.6,108.4,764.0,6.2,0.0,uci_forestfires
9.8,86.0,1.8,91.6,108.4,764.0,6.2,0.0,uci_forestfires
19.3,44.0,2.2,91.6,108.4,764.0,6.2,0.0,uci_forestfires
23.0,34.0,2.2,91.6,108.4,764.0,6.2,1.0,uci_forestfires
22.7,35.0,2.2,91.6,108.4,764.0,6.2,1.0,uci_forestfires
20.4,41.0,1.8,91.6,108.4,764.0,6.2,1.0,uci_forestfires
19.3,44.0,2.2,91.6,108.4,764.0,6.2,1.0,uci_forestfires
15.7,51.0,2.2,91.9,111.7,770.3,6.5,0.0,uci_forestfires
20.6,37.0,1.8,91.5,130.1,807.1,7.5,0.0,uci_forestfires
15.9,51.0,4.5,91.5,130.1,807.1,7.5,1.0,uci_forestfires
12.2,66.0,4.9,91.5,130.1,807.1,7.5,1.0,uci_forestfires
16.8,43.0,3.1,91.5,130.1,807.1,7.5,1.0,uci_forestfires
21.3,35.0,2.2,91.5,130.1,807.1,7.5,1.0,uci_forestfires
10.1,75.0,3.6,92.1,99.0,745.3,9.6,0.0,uci_forestfires
17.4,57.0,4.5,92.1,99.0,745.3,9.6,0.0,uci_forestfires
12.8,64.0,3.6,92.1,99.0,745.3,9.6,1.0,uci_forestfires
10.1,75.0,3.6,92.1,99.0,745.3,9.6,1.0,uci_forestfires
15.4,53.0,6.3,92.1,99.0,745.3,9.6,1.0,uci_forestfires
20.6,43.0,3.6,92.1,99.0,745.3,9.6,1.0,uci_forestfires
19.8,47.0,2.7,92.1,99.0,745.3,9.6,1.0,uci_forestfires
18.7,50.0,2.2,92.1,99.0,745.3,9.6,1.0,uci_forestfires
20.8,35.0,4.9,92.1,99.0,745.3,9.6,1.0,uci_forestfires
20.8,35.0,4.9,92.1,99.0,745.3,9.6,1.0,uci_forestfires
15.9,55.0,3.6,92.5,122.0,789.7,10.2,0.0,uci_forestfires
19.7,39.0,2.7,92.5,122.0,789.7,10.2,0.0,uci_forestfires
21.1,39.0,2.2,92.5,122.0,789.7,10.2,1.0,uci_forestfires
18.4,42.0,2.2,92.5,122.0,789.7,10.2,1.0,uci_forestfires
17.3,45.0,4.0,92.5,122.0,789.7,10.2,1.0,uci_forestfires
15.2,64.0,3.1,88.2,55.2,732.3,11.6,1.0,uci_forestfires
15.9,53.0,2.2,91.9,111.7,770.3,6.5,1.0,uci_forestfires
21.1,35.0,2.7,91.9,111.7,770.3,6.5,1.0,uci_forestfires
19.6,45.0,3.1,91.9,111.7,770.3,6.5,1.0,uci_forestfires
15.9,38.0,5.4,91.1,132.3,812.1,12.5,1.0,uci_forestfires
16.4,27.0,3.6,91.1,132.3,812.1,12.5,0.0,uci_forestfires
16.8,47.0,4.9,91.2,94.3,744.4,8.4,1.0,uci_forestfires
13.8,77.0,7.6,91.0,276.3,825.1,7.1,0.0,uci_forestfires
13.8,77.0,7.6,91.0,276.3,825.1,7.1,1.0,uci_forestfires
14.2,58.0,4.0,91.9,133.6,520.5,8.0,0.0,uci_forestfires
10.4,75.0,0.9,92.0,203.2,664.5,8.1,0.0,uci_forestfires
20.3,42.0,2.7,94.8,222.4,698.6,13.9,0.0,uci_forestfires
10.3,78.0,4.0,90.3,290.0,855.3,7.4,1.0,uci_forestfires
15.4,57.0,4.9,91.2,94.3,744.4,8.4,1.0,uci_forestfires
21.1,54.0,2.2,92.1,207.0,672.6,8.2,0.0,uci_forestfires
21.9,42.0,2.2,93.7,231.1,715.1,8.4,1.0,uci_forestfires
8.7,51.0,5.8,90.9,18.9,30.6,8.0,0.0,uci_forestfires
5.2,100.0,0.9,18.7,1.1,171.4,0.0,0.0,uci_forestfires
19.3,39.0,7.2,93.7,101.3,458.8,11.9,1.0,uci_forestfires
16.2,63.0,2.7,90.7,194.1,643.0,6.8,1.0,uci_forestfires
28.2,29.0,1.8,95.2,217.7,690.0,18.0,1.0,uci_forestfires
20.5,58.0,2.7,91.6,248.4,753.8,6.3,1.0,uci_forestfires
21.3,44.0,4.5,91.6,273.8,819.1,7.7,1.0,uci_forestfires
20.9,50.0,2.2,91.6,181.3,613.0,7.6,1.0,uci_forestfires
20.6,55.0,5.4,90.5,96.7,750.5,11.4,1.0,uci_forestfires
11.6,48.0,5.4,90.9,18.9,30.6,8.0,0.0,uci_forestfires
23.3,34.0,3.1,94.8,227.0,706.7,12.0,1.0,uci_forestfires
23.3,34.0,3.1,94.8,227.0,706.7,12.0,0.0,uci_forestfires
7.5,71.0,6.3,84.7,9.5,58.3,4.1,1.0,uci_forestfires
20.7,46.0,2.7,91.1,91.3,738.1,7.2,1.0,uci_forestfires
21.9,43.0,4.0,91.0,276.3,825.1,7.1,1.0,uci_forestfires
15.2,19.0,7.6,93.4,15.0,25.6,11.4,0.0,uci_forestfires
5.3,68.0,1.8,84.1,4.6,46.7,2.2,0.0,uci_forestfires
10.1,62.0,1.8,85.0,9.0,56.9,3.5,1.0,uci_forestfires
20.4,55.0,4.9,90.5,96.7,750.5,11.4,1.0,uci_forestfires
24.3,33.0,3.6,91.6,181.3,613.0,7.6,1.0,uci_forestfires
25.9,32.0,3.1,93.7,231.1,715.1,8.4,0.0,uci_forestfires
28.0,34.0,4.5,93.3,49.5,297.7,14.0,0.0,uci_forestfires
28.0,34.0,4.5,93.3,49.5,297.7,14.0,1.0,uci_forestfires
22.8,46.0,4.0,91.1,88.2,731.7,8.3,1.0,uci_forestfires
25.0,36.0,4.0,94.8,227.0,706.7,12.0,0.0,uci_forestfires
21.3,41.0,3.6,90.7,194.1,643.0,6.8,0.0,uci_forestfires
21.8,34.0,2.2,87.9,84.8,725.1,3.7,1.0,uci_forestfires
27.9,27.0,2.2,94.6,212.1,680.9,9.5,0.0,uci_forestfires
17.0,67.0,4.9,87.1,291.3,860.6,4.0,1.0,uci_forestfires
14.2,46.0,4.0,84.7,8.2,55.0,2.9,0.0,uci_forestfires
19.9,44.0,3.1,90.3,290.0,855.3,7.4,1.0,uci_forestfires
23.4,31.0,5.4,92.3,96.2,450.2,12.1,0.0,uci_forestfires
14.7,42.0,2.7,84.1,7.3,52.8,2.7,0.0,uci_forestfires
8.2,53.0,9.4,84.6,3.2,43.6,3.3,1.0,uci_forestfires
22.8,27.0,4.5,92.3,92.1,442.1,9.8,1.0,uci_forestfires
26.4,33.0,3.6,93.7,231.1,715.1,8.4,0.0,uci_forestfires
24.1,50.0,4.0,93.6,235.1,723.1,10.1,0.0,uci_forestfires
27.5,27.0,4.9,94.8,222.4,698.6,13.9,1.0,uci_forestfires
26.3,39.0,3.1,92.7,164.1,575.8,8.9,1.0,uci_forestfires
13.8,24.0,5.8,93.4,17.3,28.3,9.9,0.0,uci_forestfires
24.9,42.0,5.4,92.0,203.2,664.5,8.1,1.0,uci_forestfires
24.8,36.0,4.0,91.6,181.3,613.0,7.6,1.0,uci_forestfires
26.2,36.0,4.5,91.7,191.4,635.9,7.8,1.0,uci_forestfires
30.8,19.0,4.5,95.2,217.7,690.0,18.0,0.0,uci_forestfires
29.3,27.0,3.6,88.9,263.1,795.9,5.2,1.0,uci_forestfires
22.3,48.0,4.0,91.2,94.3,744.4,8.4,1.0,uci_forestfires
26.9,31.0,3.6,93.7,231.1,715.1,8.4,1.0,uci_forestfires
20.4,56.0,2.2,91.6,248.4,753.8,6.3,0.0,uci_forestfires
20.4,56.0,2.2,91.6,248.4,753.8,6.3,0.0,uci_forestfires
27.9,33.0,2.2,92.1,207.0,672.6,8.2,1.0,uci_forestfires
26.2,34.0,5.8,94.8,222.4,698.6,13.9,0.0,uci_forestfires
24.6,44.0,4.0,91.6,181.3,613.0,7.6,1.0,uci_forestfires
19.4,45.0,3.6,89.7,287.2,849.3,6.8,0.0,uci_forestfires
23.3,40.0,4.0,92.1,178.0,605.3,9.6,1.0,uci_forestfires
23.9,38.0,6.7,94.8,222.4,698.6,13.9,0.0,uci_forestfires
20.9,66.0,4.9,93.6,235.1,723.1,10.1,1.0,uci_forestfires
22.2,45.0,3.6,90.6,269.8,811.2,5.5,0.0,uci_forestfires
23.8,51.0,1.8,90.8,84.7,376.6,5.6,0.0,uci_forestfires
26.8,35.0,1.3,92.1,207.0,672.6,8.2,1.0,uci_forestfires
14.2,73.0,2.7,89.4,253.6,768.4,9.7,0.0,uci_forestfires
23.6,53.0,4.0,93.7,231.1,715.1,8.4,1.0,uci_forestfires
19.1,46.0,2.2,91.1,91.3,738.1,7.2,1.0,uci_forestfires
16.2,58.0,3.6,90.3,290.0,855.3,7.4,0.0,uci_forestfires
25.5,29.0,1.8,92.1,207.0,672.6,8.2,1.0,uci_forestfires
10.9,64.0,3.1,87.9,24.9,41.6,3.7,1.0,uci_forestfires
14.8,78.0,8.0,90.7,80.9,368.3,16.8,0.0,uci_forestfires
16.2,58.0,3.6,90.3,290.0,855.3,7.4,1.0,uci_forestfires
17.3,80.0,4.5,94.0,47.9,100.7,10.7,0.0,uci_forestfires
19.1,70.0,2.2,92.0,203.2,664.5,8.1,0.0,uci_forestfires
8.9,35.0,8.0,93.4,17.3,28.3,9.9,0.0,uci_forestfires
10.5,77.0,4.0,89.7,284.9,844.0,10.1,0.0,uci_forestfires
19.3,61.0,4.9,91.6,181.3,613.0,7.6,0.0,uci_forestfires
23.4,49.0,5.4,95.2,217.7,690.0,18.0,1.0,uci_forestfires
11.8,88.0,4.9,90.5,196.8,649.9,16.3,1.0,uci_forestfires
17.7,65.0,4.0,91.5,238.2,730.6,7.5,0.0,uci_forestfires
17.4,54.0,3.1,89.4,266.2,803.3,5.6,0.0,uci_forestfires
16.8,56.0,3.1,91.6,248.4,753.8,6.3,0.0,uci_forestfires
17.9,48.0,2.7,94.6,160.0,567.2,16.7,0.0,uci_forestfires
16.6,59.0,2.7,91.6,248.4,753.8,6.3,0.0,uci_forestfires
19.9,50.0,4.0,91.7,191.4,635.9,7.8,1.0,uci_forestfires
18.9,64.0,4.9,93.7,231.1,715.1,8.4,1.0,uci_forestfires
15.5,72.0,8.0,91.6,273.8,819.1,7.7,1.0,uci_forestfires
18.9,64.0,4.9,93.7,231.1,715.1,8.4,0.0,uci_forestfires
18.9,64.0,4.9,93.7,231.1,715.1,8.4,0.0,uci_forestfires
14.5,76.0,7.6,91.0,276.3,825.1,7.1,1.0,uci_forestfires
4.6,82.0,6.3,75.1,4.4,16.2,1.9,1.0,uci_forestfires
5.1,77.0,5.4,75.1,4.4,16.2,1.9,1.0,uci_forestfires
4.6,59.0,0.9,79.5,3.6,15.3,1.8,1.0,uci_forestfires
10.2,45.0,5.8,87.2,15.1,36.9,7.1,1.0,uci_forestfires
11.2,41.0,5.4,90.2,18.5,41.1,7.3,1.0,uci_forestfires
13.3,27.0,3.6,91.3,20.6,43.5,8.5,1.0,uci_forestfires
13.7,33.0,9.4,91.0,14.6,25.6,12.3,1.0,uci_forestfires
17.6,27.0,5.8,91.0,14.6,25.6,12.3,0.0,uci_forestfires
18.0,40.0,4.0,89.6,25.4,73.7,5.7,1.0,uci_forestfires
14.3,79.0,4.0,88.2,96.2,229.0,4.7,1.0,uci_forestfires
24.5,50.0,3.1,90.5,61.1,252.6,9.4,1.0,uci_forestfires
26.4,35.0,2.7,93.0,103.8,316.7,10.8,1.0,uci_forestfires
22.7,40.0,9.4,93.7,121.7,350.2,18.0,1.0,uci_forestfires
27.2,28.0,1.3,93.5,85.3,395.0,9.9,1.0,uci_forestfires
26.1,45.0,4.0,93.7,101.3,423.4,14.7,1.0,uci_forestfires
18.2,82.0,4.5,93.7,101.3,423.4,14.7,1.0,uci_forestfires
22.6,57.0,4.9,89.2,103.9,431.6,6.4,1.0,uci_forestfires
30.2,25.0,4.5,93.2,114.4,560.0,9.5,1.0,uci_forestfires
30.2,22.0,4.9,93.2,114.4,560.0,9.5,0.0,uci_forestfires
23.4,40.0,5.8,94.9,130.3,587.1,14.1,1.0,uci_forestfires
31.0,27.0,5.4,94.9,130.3,587.1,14.1,0.0,uci_forestfires
33.1,25.0,4.0,94.9,130.3,587.1,14.1,1.0,uci_forestfires
30.6,28.0,3.6,95.0,135.5,596.3,21.3,1.0,uci_forestfires
24.1,43.0,6.3,95.1,141.3,605.8,17.7,1.0,uci_forestfires
26.4,34.0,3.6,95.1,141.3,605.8,17.7,1.0,uci_forestfires
19.4,71.0,7.6,95.1,141.3,605.8,17.7,1.0,uci_forestfires
20.6,58.0,1.3,95.1,141.3,605.8,17.7,0.0,uci_forestfires
28.7,33.0,4.0,95.1,141.3,605.8,17.7,0.0,uci_forestfires
32.4,21.0,4.5,95.8,152.0,624.1,13.8,0.0,uci_forestfires
32.4,27.0,2.2,95.9,158.0,633.6,11.3,0.0,uci_forestfires
27.5,29.0,4.5,95.9,158.0,633.6,11.3,1.0,uci_forestfires
30.8,30.0,4.9,96.0,164.0,643.0,14.0,1.0,uci_forestfires
23.9,42.0,2.2,96.2,175.5,661.8,16.8,0.0,uci_forestfires
32.6,26.0,3.1,96.2,175.5,661.8,16.8,1.0,uci_forestfires
32.3,27.0,2.2,96.1,181.1,671.2,14.3,1.0,uci_forestfires
33.3,26.0,2.7,96.1,181.1,671.2,14.3,1.0,uci_forestfires
27.3,63.0,4.9,96.1,181.1,671.2,14.3,1.0,uci_forestfires
21.6,65.0,4.9,96.1,181.1,671.2,14.3,0.0,uci_forestfires
21.6,65.0,4.9,96.1,181.1,671.2,14.3,0.0,uci_forestfires
20.7,69.0,4.9,96.1,181.1,671.2,14.3,0.0,uci_forestfires
29.2,30.0,4.9,94.5,139.4,689.1,20.0,1.0,uci_forestfires
28.9,29.0,4.9,94.5,139.4,689.1,20.0,1.0,uci_forestfires
26.7,35.0,1.8,91.0,163.2,744.4,10.1,1.0,uci_forestfires
18.5,73.0,8.5,91.0,166.9,752.6,7.1,0.0,uci_forestfires
25.9,41.0,3.6,91.0,166.9,752.6,7.1,0.0,uci_forestfires
25.9,41.0,3.6,91.0,166.9,752.6,7.1,0.0,uci_forestfires
21.1,71.0,7.6,91.0,166.9,752.6,7.1,1.0,uci_forestfires
18.2,62.0,5.4,91.0,166.9,752.6,7.1,1.0,uci_forestfires
27.8,35.0,2.7,81.6,56.7,665.6,1.9,0.0,uci_forestfires
27.8,32.0,2.7,81.6,56.7,665.6,1.9,1.0,uci_forestfires
21.9,71.0,5.8,81.6,56.7,665.6,1.9,1.0,uci_forestfires
21.2,70.0,6.7,81.6,56.7,665.6,1.9,1.0,uci_forestfires
25.6,42.0,4.0,94.4,146.0,614.7,11.3,0.0,uci_forestfires
11.8,31.0,4.5,79.5,3.0,106.7,1.1,0.0,uci_forestfires
29.0,57.0,18.0,65.7,3.4,7.6,1.3,0.0,uci_algerian
29.0,61.0,13.0,64.4,4.1,7.6,1.0,0.0,uci_algerian
26.0,82.0,22.0,47.1,2.5,7.1,0.3,0.0,uci_algerian
25.0,89.0,13.0,28.6,1.3,6.9,0.0,0.0,uci_algerian
27.0,77.0,16.0,64.8,3.0,14.2,1.2,0.0,uci_algerian
31.0,67.0,14.0,82.6,5.8,22.2,3.1,1.0,uci_algerian
33.0,54.0,13.0,88.2,9.9,30.5,6.4,1.0,uci_algerian
30.0,73.0,15.0,86.6,12.1,38.3,5.6,1.0,uci_algerian
25.0,88.0,13.0,52.9,7.9,38.8,0.4,0.0,uci_algerian
28.0,79.0,12.0,73.2,9.5,46.3,1.3,0.0,uci_algerian
31.0,65.0,14.0,84.5,12.5,54.3,4.0,1.0,uci_algerian
26.0,81.0,19.0,84.0,13.8,61.4,4.8,1.0,uci_algerian
27.0,84.0,21.0,50.0,6.7,17.0,0.5,0.0,uci_algerian
30.0,78.0,20.0,59.0,4.6,7.8,1.0,0.0,uci_algerian
28.0,80.0,17.0,49.4,3.0,7.4,0.4,0.0,uci_algerian
29.0,89.0,13.0,36.1,1.7,7.6,0.0,0.0,uci_algerian
30.0,89.0,16.0,37.3,1.1,7.8,0.0,0.0,uci_algerian
31.0,78.0,14.0,56.9,1.9,8.0,0.7,0.0,uci_algerian
31.0,55.0,16.0,79.9,4.5,16.0,2.5,0.0,uci_algerian
30.0,80.0,16.0,59.8,3.4,27.1,0.9,0.0,uci_algerian
30.0,78.0,14.0,81.0,6.3,31.6,2.6,1.0,uci_algerian
31.0,67.0,17.0,79.1,7.0,39.5,2.4,0.0,uci_algerian
32.0,62.0,18.0,81.4,8.2,47.7,3.3,1.0,uci_algerian
32.0,66.0,17.0,85.9,11.2,55.8,5.6,1.0,uci_algerian
31.0,64.0,15.0,86.7,14.2,63.8,5.7,1.0,uci_algerian
31.0,64.0,18.0,86.8,17.8,71.8,6.7,1.0,uci_algerian
34.0,53.0,18.0,89.0,21.6,80.3,9.2,1.0,uci_algerian
32.0,55.0,14.0,89.1,25.5,88.5,7.6,1.0,uci_algerian
32.0,47.0,13.0,79.9,18.4,84.4,2.2,0.0,uci_algerian
33.0,50.0,14.0,88.7,22.9,92.8,7.2,1.0,uci_algerian
29.0,68.0,19.0,59.9,2.5,8.6,1.1,0.0,uci_algerian
27.0,75.0,19.0,55.7,2.4,8.3,0.8,0.0,uci_algerian
32.0,76.0,20.0,63.1,2.6,9.2,1.3,0.0,uci_algerian
33.0,78.0,17.0,80.1,4.6,18.5,2.7,0.0,uci_algerian
33.0,66.0,14.0,85.9,7.6,27.9,4.8,1.0,uci_algerian
32.0,63.0,14.0,87.0,10.9,37.0,5.6,1.0,uci_algerian
35.0,64.0,18.0,80.0,9.7,40.4,2.8,0.0,uci_algerian
33.0,68.0,19.0,85.6,12.5,49.8,6.0,1.0,uci_algerian
32.0,68.0,14.0,66.6,7.7,9.2,1.1,0.0,uci_algerian
33.0,69.0,13.0,66.6,6.0,9.3,1.1,0.0,uci_algerian
33.0,76.0,14.0,81.1,8.1,18.7,2.6,0.0,uci_algerian
31.0,75.0,13.0,75.1,7.9,27.7,1.5,0.0,uci_algerian
34.0,81.0,15.0,81.8,9.7,37.2,3.0,0.0,uci_algerian
34.0,61.0,13.0,73.9,7.8,22.9,1.4,0.0,uci_algerian
30.0,80.0,19.0,60.7,5.2,17.0,1.1,0.0,uci_algerian
28.0,76.0,21.0,72.6,7.0,25.5,0.7,0.0,uci_algerian
29.0,70.0,14.0,82.8,9.4,34.1,3.2,1.0,uci_algerian
31.0,68.0,14.0,85.4,12.1,43.1,4.6,1.0,uci_algerian
35.0,59.0,17.0,88.1,12.0,52.8,7.7,1.0,uci_algerian
33.0,65.0,15.0,81.4,12.3,62.1,2.8,1.0,uci_algerian
33.0,70.0,17.0,85.4,18.5,71.5,5.2,1.0,uci_algerian
28.0,79.0,18.0,73.4,16.4,79.9,1.8,0.0,uci_algerian
27.0,66.0,22.0,68.2,10.5,71.3,1.8,0.0,uci_algerian
28.0,78.0,16.0,70.0,9.6,79.7,1.4,0.0,uci_algerian
31.0,65.0,18.0,84.3,12.5,88.7,4.8,1.0,uci_algerian
36.0,53.0,19.0,89.2,17.1,98.6,10.0,1.0,uci_algerian
36.0,48.0,13.0,90.3,22.2,108.5,8.7,1.0,uci_algerian
33.0,76.0,15.0,86.5,24.4,117.8,5.6,1.0,uci_algerian
32.0,73.0,15.0,86.6,26.7,127.0,5.6,1.0,uci_algerian
31.0,79.0,15.0,85.4,28.5,136.0,4.7,1.0,uci_algerian
35.0,64.0,17.0,87.2,31.9,145.7,6.8,1.0,uci_algerian
36.0,45.0,14.0,78.8,4.8,10.2,2.0,0.0,uci_algerian
35.0,55.0,12.0,78.0,5.8,10.0,1.7,0.0,uci_algerian
35.0,63.0,14.0,76.6,5.7,10.0,1.7,0.0,uci_algerian
34.0,69.0,13.0,85.0,8.2,19.8,4.0,1.0,uci_algerian
34.0,65.0,13.0,86.8,11.1,29.7,5.2,1.0,uci_algerian
32.0,75.0,14.0,86.4,13.0,39.1,5.2,1.0,uci_algerian
32.0,69.0,16.0,86.5,15.5,48.6,5.5,1.0,uci_algerian
32.0,60.0,18.0,77.1,11.3,47.0,2.2,0.0,uci_algerian
35.0,59.0,17.0,87.4,14.8,57.0,6.9,1.0,uci_algerian
35.0,55.0,14.0,88.9,18.6,67.0,7.4,1.0,uci_algerian
35.0,63.0,13.0,88.9,21.7,77.0,7.1,1.0,uci_algerian
35.0,51.0,13.0,81.3,15.6,75.1,2.5,0.0,uci_algerian
35.0,63.0,15.0,87.0,19.0,85.1,5.9,1.0,uci_algerian
33.0,66.0,14.0,87.0,21.7,94.7,5.7,1.0,uci_algerian
36.0,55.0,13.0,82.4,15.6,92.5,3.7,1.0,uci_algerian
36.0,61.0,18.0,80.2,11.7,90.4,2.8,1.0,uci_algerian
37.0,52.0,18.0,89.3,16.0,100.7,9.7,1.0,uci_algerian
36.0,54.0,18.0,89.4,20.0,110.9,9.7,1.0,uci_algerian
35.0,62.0,19.0,89.4,23.2,120.9,9.7,1.0,uci_algerian
35.0,68.0,19.0,88.3,25.9,130.6,8.8,1.0,uci_algerian
36.0,58.0,19.0,88.6,29.6,141.1,9.2,1.0,uci_algerian
36.0,55.0,18.0,89.1,33.5,151.3,9.9,1.0,uci_algerian
36.0,53.0,16.0,89.5,37.6,161.5,10.4,1.0,uci_algerian
34.0,64.0,14.0,88.9,40.5,171.3,9.0,1.0,uci_algerian
35.0,60.0,15.0,88.9,43.9,181.3,8.2,1.0,uci_algerian
31.0,78.0,18.0,85.8,45.6,190.6,4.7,1.0,uci_algerian
33.0,82.0,21.0,84.9,47.0,200.2,4.4,1.0,uci_algerian
34.0,64.0,16.0,89.4,50.2,210.4,7.3,1.0,uci_algerian
35.0,48.0,18.0,90.1,54.2,220.4,12.5,1.0,uci_algerian
35.0,70.0,17.0,72.7,25.2,180.4,1.7,0.0,uci_algerian
28.0,80.0,21.0,52.5,8.7,8.7,0.6,0.0,uci_algerian
25.0,76.0,17.0,46.0,1.3,7.5,0.2,0.0,uci_algerian
22.0,86.0,15.0,30.5,0.7,7.0,0.0,0.0,uci_algerian
25.0,78.0,15.0,42.6,1.2,7.5,0.1,0.0,uci_algerian
29.0,73.0,17.0,68.4,1.9,15.7,1.4,0.0,uci_algerian
29.0,75.0,16.0,80.8,3.4,24.0,2.8,1.0,uci_algerian
29.0,74.0,19.0,75.8,3.6,32.2,2.1,0.0,uci_algerian
31.0,71.0,17.0,69.6,3.2,30.1,1.5,0.0,uci_algerian
30.0,73.0,17.0,62.0,2.6,8.4,1.1,0.0,uci_algerian
30.0,77.0,15.0,56.1,2.1,8.4,0.7,0.0,uci_algerian
33.0,73.0,12.0,59.9,2.2,8.9,0.7,0.0,uci_algerian
30.0,77.0,21.0,58.5,1.9,8.4,1.1,0.0,uci_algerian
29.0,88.0,13.0,71.0,2.6,16.6,1.2,0.0,uci_algerian
25.0,86.0,21.0,40.9,1.3,7.5,0.1,0.0,uci_algerian
22.0,76.0,26.0,47.4,1.1,7.0,0.4,0.0,uci_algerian
24.0,82.0,15.0,44.9,0.9,7.3,0.2,0.0,uci_algerian
30.0,65.0,14.0,78.1,3.2,15.7,1.9,0.0,uci_algerian
31.0,52.0,14.0,87.7,6.4,24.3,6.2,1.0,uci_algerian
32.0,49.0,11.0,89.4,9.8,33.1,6.8,1.0,uci_algerian
29.0,57.0,14.0,89.3,12.5,41.3,7.8,1.0,uci_algerian
28.0,84.0,18.0,83.8,13.5,49.3,4.5,1.0,uci_algerian
31.0,55.0,11.0,87.8,16.5,57.9,5.4,1.0,uci_algerian
31.0,50.0,19.0,77.8,10.6,41.4,2.4,0.0,uci_algerian
32.0,54.0,11.0,73.7,7.9,30.4,1.2,0.0,uci_algerian
29.0,65.0,19.0,68.3,5.5,15.2,1.5,0.0,uci_algerian
26.0,81.0,21.0,48.6,3.0,7.7,0.4,0.0,uci_algerian
31.0,54.0,11.0,82.0,6.0,16.3,2.5,0.0,uci_algerian
31.0,66.0,11.0,85.7,8.3,24.9,4.0,1.0,uci_algerian
32.0,47.0,14.0,77.5,7.1,8.8,1.8,0.0,uci_algerian
26.0,80.0,16.0,47.4,2.9,7.7,0.3,0.0,uci_algerian
25.0,78.0,14.0,45.0,1.9,7.5,0.2,0.0,uci_algerian
32.0,71.0,12.0,57.1,2.5,8.2,0.6,0.0,uci_algerian
30.0,73.0,13.0,55.7,2.7,7.8,0.6,0.0,uci_algerian
29.0,80.0,14.0,48.7,2.2,7.6,0.3,0.0,uci_algerian
30.0,64.0,14.0,79.4,5.2,15.4,2.2,0.0,uci_algerian
32.0,60.0,14.0,77.1,6.0,17.6,1.8,0.0,uci_algerian
35.0,54.0,11.0,83.7,8.4,26.3,3.1,1.0,uci_algerian
35.0,44.0,17.0,85.6,9.9,28.9,5.4,1.0,uci_algerian
28.0,51.0,17.0,71.4,7.7,7.4,1.5,0.0,uci_algerian
27.0,59.0,18.0,78.1,8.5,14.7,2.4,0.0,uci_algerian
30.0,41.0,15.0,89.4,13.3,22.5,8.4,1.0,uci_algerian
31.0,42.0,21.0,90.6,18.2,30.5,13.4,1.0,uci_algerian
27.0,58.0,17.0,88.9,21.3,37.8,8.7,1.0,uci_algerian
30.0,52.0,15.0,72.3,11.4,7.8,1.4,0.0,uci_algerian
27.0,79.0,16.0,53.4,6.4,7.3,0.5,0.0,uci_algerian
28.0,90.0,15.0,66.8,7.2,14.7,1.2,0.0,uci_algerian
29.0,87.0,15.0,47.4,4.2,8.0,0.2,0.0,uci_algerian
31.0,69.0,17.0,62.2,3.9,8.0,1.1,0.0,uci_algerian
33.0,62.0,10.0,65.5,4.6,8.3,0.9,0.0,uci_algerian
32.0,67.0,14.0,64.6,4.4,8.2,1.0,0.0,uci_algerian
31.0,72.0,14.0,60.2,3.8,8.0,0.8,0.0,uci_algerian
32.0,55.0,14.0,86.2,8.3,18.4,5.0,1.0,uci_algerian
33.0,46.0,14.0,78.3,8.1,8.3,1.9,0.0,uci_algerian
33.0,59.0,16.0,74.2,7.0,8.3,1.6,0.0,uci_algerian
35.0,68.0,16.0,85.3,10.0,17.0,4.9,1.0,uci_algerian
34.0,70.0,16.0,86.0,12.8,25.6,5.4,1.0,uci_algerian
36.0,62.0,16.0,87.8,16.5,34.5,7.0,1.0,uci_algerian
36.0,55.0,15.0,89.1,20.9,43.3,8.0,1.0,uci_algerian
37.0,37.0,13.0,92.5,27.2,52.4,11.7,1.0,uci_algerian
37.0,36.0,13.0,86.2,17.9,36.7,4.8,1.0,uci_algerian
34.0,42.0,15.0,79.7,12.0,8.5,2.2,0.0,uci_algerian
28.0,58.0,18.0,63.7,3.2,8.5,1.2,0.0,uci_algerian
33.0,48.0,16.0,87.6,7.9,17.8,6.8,1.0,uci_algerian
34.0,56.0,17.0,84.7,9.7,27.3,4.7,1.0,uci_algerian
34.0,58.0,18.0,88.0,13.6,36.8,8.0,1.0,uci_algerian
34.0,45.0,18.0,90.5,18.7,46.4,11.3,1.0,uci_algerian
35.0,42.0,15.0,84.7,15.5,45.1,4.3,1.0,uci_algerian
38.0,43.0,13.0,85.0,13.0,35.4,4.1,1.0,uci_algerian
35.0,47.0,18.0,80.8,9.8,9.7,3.1,1.0,uci_algerian
36.0,43.0,15.0,82.3,9.4,9.9,3.2,1.0,uci_algerian
34.0,51.0,16.0,77.5,8.0,9.5,2.0,0.0,uci_algerian
34.0,56.0,15.0,74.8,7.1,9.5,1.6,0.0,uci_algerian
36.0,44.0,13.0,90.1,12.6,19.4,8.3,1.0,uci_algerian
39.0,45.0,13.0,85.2,11.3,10.4,4.2,1.0,uci_algerian
34.0,45.0,17.0,90.5,18.0,24.1,10.9,1.0,uci_algerian
31.0,83.0,17.0,84.5,19.4,33.1,4.7,1.0,uci_algerian
32.0,81.0,17.0,84.6,21.1,42.3,4.7,1.0,uci_algerian
33.0,68.0,15.0,86.1,23.9,51.6,5.2,1.0,uci_algerian
34.0,58.0,16.0,88.1,27.8,61.1,7.3,1.0,uci_algerian
36.0,50.0,16.0,89.9,32.7,71.0,9.5,1.0,uci_algerian
36.0,29.0,18.0,93.9,39.6,80.6,18.5,1.0,uci_algerian
32.0,48.0,18.0,91.5,44.2,90.1,13.2,1.0,uci_algerian
31.0,71.0,17.0,87.3,46.6,99.0,6.9,1.0,uci_algerian
33.0,63.0,17.0,72.8,20.9,56.6,1.6,0.0,uci_algerian
39.0,64.0,9.0,73.8,11.7,15.9,1.1,0.0,uci_algerian
35.0,58.0,10.0,78.3,10.8,19.7,1.6,0.0,uci_algerian
29.0,87.0,18.0,80.0,11.8,28.3,2.8,0.0,uci_algerian
33.0,57.0,16.0,87.5,15.7,37.6,6.7,1.0,uci_algerian
34.0,59.0,16.0,88.1,19.5,47.2,7.4,1.0,uci_algerian
36.0,56.0,16.0,88.9,23.8,57.1,8.2,1.0,uci_algerian
37.0,55.0,15.0,89.3,28.3,67.2,8.3,1.0,uci_algerian
38.0,52.0,14.0,78.3,4.4,10.5,2.0,0.0,uci_algerian
40.0,34.0,14.0,93.3,10.8,21.4,13.8,1.0,uci_algerian
39.0,33.0,17.0,93.7,17.1,32.1,17.2,1.0,uci_algerian
38.0,35.0,15.0,93.8,23.0,42.7,15.7,1.0,uci_algerian
34.0,42.0,17.0,88.3,23.6,52.5,19.0,1.0,uci_algerian
30.0,54.0,14.0,70.5,11.0,9.1,1.3,0.0,uci_algerian
34.0,63.0,13.0,69.7,7.2,9.8,1.2,0.0,uci_algerian
37.0,56.0,11.0,87.4,11.2,20.2,5.2,1.0,uci_algerian
39.0,43.0,12.0,91.7,16.5,30.9,9.6,1.0,uci_algerian
39.0,39.0,15.0,89.3,15.8,35.4,8.2,1.0,uci_algerian
40.0,31.0,15.0,94.2,22.5,46.3,16.6,1.0,uci_algerian
39.0,21.0,17.0,93.0,18.4,41.5,15.5,1.0,uci_algerian
35.0,34.0,16.0,88.3,16.9,45.1,7.5,1.0,uci_algerian
37.0,40.0,13.0,91.9,22.3,55.5,10.8,1.0,uci_algerian
35.0,46.0,13.0,83.9,16.9,54.2,3.5,1.0,uci_algerian
40.0,41.0,10.0,92.0,22.6,65.1,9.5,1.0,uci_algerian
42.0,24.0,9.0,96.0,30.3,76.4,15.7,1.0,uci_algerian
37.0,37.0,14.0,94.3,35.9,86.8,16.0,1.0,uci_algerian
35.0,66.0,15.0,82.7,32.7,96.8,3.3,1.0,uci_algerian
36.0,81.0,15.0,83.7,34.4,107.0,3.8,1.0,uci_algerian
36.0,71.0,15.0,86.0,36.9,117.1,5.1,1.0,uci_algerian
37.0,53.0,14.0,89.5,41.1,127.5,8.0,1.0,uci_algerian
36.0,43.0,16.0,91.2,46.1,137.7,11.5,1.0,uci_algerian
35.0,38.0,15.0,92.1,51.3,147.7,12.2,1.0,uci_algerian
34.0,40.0,18.0,92.1,56.3,157.5,14.3,1.0,uci_algerian
33.0,37.0,16.0,92.2,61.3,167.2,13.1,1.0,uci_algerian
36.0,54.0,14.0,91.0,65.9,177.3,10.0,1.0,uci_algerian
35.0,56.0,14.0,79.2,37.0,166.0,2.1,0.0,uci_algerian
35.0,53.0,17.0,80.2,20.7,149.2,2.7,1.0,uci_algerian
34.0,49.0,15.0,89.2,24.8,159.1,8.1,1.0,uci_algerian
30.0,59.0,19.0,89.1,27.8,168.2,9.8,1.0,uci_algerian
29.0,86.0,16.0,37.9,0.9,8.2,0.1,0.0,uci_algerian
28.0,67.0,19.0,75.4,2.9,16.3,2.0,0.0,uci_algerian
28.0,75.0,16.0,82.2,4.4,24.3,3.3,1.0,uci_algerian
30.0,66.0,15.0,73.5,4.1,26.6,1.5,0.0,uci_algerian
30.0,58.0,12.0,66.1,4.0,8.4,1.0,0.0,uci_algerian
34.0,71.0,14.0,64.5,3.3,9.1,1.0,0.0,uci_algerian
31.0,62.0,15.0,83.3,5.8,17.7,3.8,1.0,uci_algerian
30.0,88.0,14.0,82.5,6.6,26.1,3.0,1.0,uci_algerian
30.0,80.0,15.0,83.1,7.9,34.5,3.5,1.0,uci_algerian
29.0,74.0,15.0,59.5,4.7,8.2,0.8,0.0,uci_algerian
30.0,73.0,14.0,79.2,6.5,16.6,2.1,0.0,uci_algerian
31.0,72.0,14.0,84.2,8.3,25.2,3.8,1.0,uci_algerian
29.0,49.0,19.0,88.6,11.5,33.4,9.1,1.0,uci_algerian
28.0,81.0,15.0,84.6,12.6,41.5,4.3,1.0,uci_algerian
32.0,51.0,13.0,88.7,16.0,50.2,6.9,1.0,uci_algerian
33.0,26.0,13.0,93.9,21.2,59.2,14.2,1.0,uci_algerian
34.0,44.0,12.0,92.5,25.2,63.3,11.2,1.0,uci_algerian
36.0,33.0,13.0,90.6,25.8,77.8,9.0,1.0,uci_algerian
29.0,41.0,8.0,83.9,24.9,86.0,2.7,1.0,uci_algerian
34.0,58.0,13.0,79.5,18.7,88.0,2.1,0.0,uci_algerian
35.0,34.0,17.0,92.2,23.6,97.3,13.8,1.0,uci_algerian
33.0,64.0,13.0,88.9,26.1,106.3,7.1,1.0,uci_algerian
35.0,56.0,14.0,89.0,29.4,115.6,7.5,1.0,uci_algerian
26.0,49.0,6.0,61.3,11.9,28.1,0.6,0.0,uci_algerian
28.0,70.0,15.0,79.9,13.8,36.1,2.4,0.0,uci_algerian
30.0,65.0,14.0,85.4,16.0,44.5,4.5,1.0,uci_algerian
28.0,87.0,15.0,41.1,6.5,8.0,0.1,0.0,uci_algerian
27.0,87.0,29.0,45.9,3.5,7.9,0.4,0.0,uci_algerian
24.0,54.0,18.0,79.7,4.3,15.2,1.7,0.0,uci_algerian
24.0,64.0,15.0,67.3,3.8,16.5,1.2,0.0,uci_algerian
